molecule_chembl_id,canonical_smiles,standard_value,bioactivity_class
CHEMBL123184,COc1cccc(CC2(C)SC(O)=C(C)C2=O)c1,500000.0,inactive
CHEMBL122699,CC1=C(O)C(C)(Cc2cc(F)cc(F)c2)SC1=O,263000.0,inactive
CHEMBL124117,CC(=O)Nc1cccc(-c2ccc(CC3(C)SC(O)=C(C)C3=O)cc2)c1,119000.0,inactive
CHEMBL332364,CC1=C(O)C(C)(Cc2cccc(Oc3ccccc3)c2)SC1=O,52000.0,inactive
CHEMBL432983,CC1=C(O)C(C)(Cc2ccc(C)cc2)SC1=O,112000.0,inactive
CHEMBL123594,CC1=C(O)C(C)(Cc2ccc(-c3ccc(C(C)(C)C)cc3)cc2)SC1=O,25000.0,inactive
CHEMBL333742,CC1=C(O)C(C)(Cc2ccc(-c3ccccc3)cc2)SC1=O,51000.0,inactive
CHEMBL122848,CC1=C(O)C(C)(Cc2ccc(-c3ccc(CO)cc3)cc2)SC1=O,19000.0,inactive
CHEMBL332417,CC1=C(O)C(C)(Cc2cccc(-c3ccccc3)c2)SC1=O,215000.0,inactive
CHEMBL331347,C=C/C(C)=C\C1(C)SC(O)=C(C)C1=O,74900.0,inactive
CHEMBL123595,CC1=C(O)C(C)(Cc2ccc(-c3ccc(C)cc3)cc2)SC1=O,52000.0,inactive
CHEMBL333571,CC1=C(O)C(C)(Cc2ccc(C(C)(C)C)cc2)SC1=O,43000.0,inactive
CHEMBL123181,CC1=C(O)C(C)(Cc2ccc(-c3ccc(C=O)cc3)cc2)SC1=O,29000.0,inactive
CHEMBL333467,COc1ccc(CC2(C)SC(O)=C(C)C2=O)cc1,155000.0,inactive
CHEMBL331729,CC1=C(O)C(C)(Cc2ccc(F)cc2F)SC1=O,246000.0,inactive
CHEMBL123876,CC1=C(O)C(C)(Cc2ccccc2)SC1=O,250000.0,inactive
CHEMBL123998,CC1=C(O)C(C)(Cc2ccc(I)cc2)SC1=O,153000.0,inactive
CHEMBL124220,CC1=C(O)C(C)(Cc2ccc(-c3ccc(COCc4ccccc4)cc3)cc2)SC1=O,17000.0,inactive
CHEMBL383600,CC1=C(O)C(C)(Cc2ccc(Cl)c(Cl)c2)SC1=O,100000.0,inactive
CHEMBL200281,CC1=C(O)C(C)(Cc2ccc(Cl)cc2Cl)SC1=O,100000.0,inactive
CHEMBL200101,CC1=C(O)C(C)(Cc2ccc(C(F)(F)F)cc2)SC1=O,100000.0,inactive
CHEMBL199776,C=CCCCC1(C)SC(=O)C(C)=C1O,100000.0,inactive
CHEMBL200852,C=CCCCCC1(C)SC(=O)C(C)=C1O,100000.0,inactive
CHEMBL196418,CC(C)=CCC1(C)SC(O)=C(C)C1=O,100000.0,inactive
CHEMBL199436,CC1=C(O)C(C)(C2CCCCC2)SC1=O,100000.0,inactive
CHEMBL381463,CCCCCCCCCCC1(C)SC(O)=C(C)C1=O,100000.0,inactive
CHEMBL399043,C=C/C(C)=C/[C@@]1(C)SC(=O)C(C)=C1O,87000.0,inactive
CHEMBL200655,CCCCCCCCCCCCCCC1(C)SC(O)=C(C)C1=O,80000.0,inactive
CHEMBL200803,CCCCCCCCCCCCCC1(C)SC(O)=C(C)C1=O,80000.0,inactive
CHEMBL199542,CCCCCCCCCCCCC1(C)SC(O)=C(C)C1=O,50000.0,inactive
CHEMBL382200,C/C=C/C(C)=C/[C@@]1(C)SC(O)=C(C)C1=O,50000.0,inactive
CHEMBL203309,C=C/C=C/C1(C)SC(=O)C(C)=C1O,25000.0,inactive
CHEMBL399043,C=C/C(C)=C/[C@@]1(C)SC(=O)C(C)=C1O,4000.0,intermediate
CHEMBL383601,CCC(C)C1(C)SC(O)=C(C)C1=O,100000.0,inactive
CHEMBL196776,CCCCCCCCC1(C)SC(O)=C(C)C1=O,100000.0,inactive
CHEMBL200240,CCCCCCCC1(C)SC(O)=C(C)C1=O,1000000.0,inactive
CHEMBL199900,CC1=C(O)C(C)(CCc2ccccc2)SC1=O,1000000.0,inactive
CHEMBL201423,CC1=C(O)C(C)(CCCc2ccccc2)SC1=O,1000000.0,inactive
CHEMBL202817,COc1cc(CC2(C)SC(O)=C(C)C2=O)cc(OC)c1,1000000.0,inactive
CHEMBL201261,CC1=C(O)C(C)(Cc2c(C)cc(C)cc2C)SC1=O,1000000.0,inactive
CHEMBL379235,CC1=C(O)C(C)(Cc2cc(C)ccc2C)SC1=O,1000000.0,inactive
CHEMBL371660,CC1=C(O)C(C)(Cc2cccc(C)c2)SC1=O,1000000.0,inactive
CHEMBL381712,CC1=C(O)C(C)(Cc2ccccc2C)SC1=O,1000000.0,inactive
CHEMBL201541,CC1=C(O)C(C)(Cc2cccc(C(F)(F)F)c2)SC1=O,1000000.0,inactive
CHEMBL201752,CC1=C(O)SC(C)(C(C)c2ccccc2)C1=O,1000000.0,inactive
CHEMBL381559,CC1=C(O)C(C)(Cc2ccc3ccccc3c2)SC1=O,100000.0,inactive
CHEMBL333571,CC1=C(O)C(C)(Cc2ccc(C(C)(C)C)cc2)SC1=O,100000.0,inactive
CHEMBL199977,CC1=C(O)C(C)(Cc2c(Cl)cccc2Cl)SC1=O,1000000.0,inactive
CHEMBL381684,CC1=C(O)C(C)(Cc2ccc(F)cc2)SC1=O,100000.0,inactive
CHEMBL382958,CC1=C(O)C(C)(Cc2ccc(Cl)cc2)SC1=O,100000.0,inactive
CHEMBL436318,CC1=C(O)C(C)(Cc2ccccc2Cl)SC1=O,1000000.0,inactive
CHEMBL123184,COc1cccc(CC2(C)SC(O)=C(C)C2=O)c1,1000000.0,inactive
CHEMBL199810,COc1ccccc1CC1(C)SC(O)=C(C)C1=O,100000.0,inactive
CHEMBL201711,CC1=C(O)C(C)(Cc2cccc(Cl)c2)SC1=O,1000000.0,inactive
CHEMBL333467,COc1ccc(CC2(C)SC(O)=C(C)C2=O)cc1,1000000.0,inactive
CHEMBL432983,CC1=C(O)C(C)(Cc2ccc(C)cc2)SC1=O,1000000.0,inactive
CHEMBL203154,CC1=C(O)C(C)(Cc2ccc([N+](=O)[O-])cc2)SC1=O,1000000.0,inactive
CHEMBL380904,C=CCCC1(C)SC(=O)C(C)=C1O,1000000.0,inactive
CHEMBL383537,C=CCCCCCCC1(C)SC(=O)C(C)=C1O,1000000.0,inactive
CHEMBL199428,CC/C=C/CC1(C)SC(O)=C(C)C1=O,1000000.0,inactive
CHEMBL198344,CC1=C(O)C(C)(CC2CCCCC2)SC1=O,1000000.0,inactive
CHEMBL373005,CC1=C(O)C(C)(CC2CCC2)SC1=O,1000000.0,inactive
CHEMBL199976,CCCCCCCCCCC(C)C1(C)SC(O)=C(C)C1=O,65000.0,inactive
CHEMBL199516,CCCCCCCCC(C)C1(C)SC(O)=C(C)C1=O,75000.0,inactive
CHEMBL199463,CCCCCC(C)C1(C)SC(O)=C(C)C1=O,1000000.0,inactive
CHEMBL201227,CCCCC(CC)CC1(C)SC(O)=C(C)C1=O,1000000.0,inactive
CHEMBL202928,CC1=C(O)SC(C)(CCC(C)C)C1=O,1000000.0,inactive
CHEMBL372341,CCCCCCCCCCCC1(C)SC(O)=C(C)C1=O,100000.0,inactive
CHEMBL200363,CCCCCCCCCC1(C)SC(O)=C(C)C1=O,100000.0,inactive
CHEMBL200240,CCCCCCCC1(C)SC(O)=C(C)C1=O,1000000.0,inactive
CHEMBL199900,CC1=C(O)C(C)(CCc2ccccc2)SC1=O,1000000.0,inactive
CHEMBL201423,CC1=C(O)C(C)(CCCc2ccccc2)SC1=O,1000000.0,inactive
CHEMBL202817,COc1cc(CC2(C)SC(O)=C(C)C2=O)cc(OC)c1,1000000.0,inactive
CHEMBL201261,CC1=C(O)C(C)(Cc2c(C)cc(C)cc2C)SC1=O,1000000.0,inactive
CHEMBL379235,CC1=C(O)C(C)(Cc2cc(C)ccc2C)SC1=O,1000000.0,inactive
CHEMBL371660,CC1=C(O)C(C)(Cc2cccc(C)c2)SC1=O,1000000.0,inactive
CHEMBL381712,CC1=C(O)C(C)(Cc2ccccc2C)SC1=O,1000000.0,inactive
CHEMBL201541,CC1=C(O)C(C)(Cc2cccc(C(F)(F)F)c2)SC1=O,1000000.0,inactive
CHEMBL201752,CC1=C(O)SC(C)(C(C)c2ccccc2)C1=O,1000000.0,inactive
CHEMBL381559,CC1=C(O)C(C)(Cc2ccc3ccccc3c2)SC1=O,1000000.0,inactive
CHEMBL333571,CC1=C(O)C(C)(Cc2ccc(C(C)(C)C)cc2)SC1=O,1000000.0,inactive
CHEMBL199977,CC1=C(O)C(C)(Cc2c(Cl)cccc2Cl)SC1=O,1000000.0,inactive
CHEMBL381684,CC1=C(O)C(C)(Cc2ccc(F)cc2)SC1=O,1000000.0,inactive
CHEMBL382958,CC1=C(O)C(C)(Cc2ccc(Cl)cc2)SC1=O,1000000.0,inactive
CHEMBL436318,CC1=C(O)C(C)(Cc2ccccc2Cl)SC1=O,1000000.0,inactive
CHEMBL123184,COc1cccc(CC2(C)SC(O)=C(C)C2=O)c1,1000000.0,inactive
CHEMBL199810,COc1ccccc1CC1(C)SC(O)=C(C)C1=O,1000000.0,inactive
CHEMBL201711,CC1=C(O)C(C)(Cc2cccc(Cl)c2)SC1=O,100000.0,inactive
CHEMBL333467,COc1ccc(CC2(C)SC(O)=C(C)C2=O)cc1,1000000.0,inactive
CHEMBL432983,CC1=C(O)C(C)(Cc2ccc(C)cc2)SC1=O,1000000.0,inactive
CHEMBL203154,CC1=C(O)C(C)(Cc2ccc([N+](=O)[O-])cc2)SC1=O,1000000.0,inactive
CHEMBL380904,C=CCCC1(C)SC(=O)C(C)=C1O,1000000.0,inactive
CHEMBL383537,C=CCCCCCCC1(C)SC(=O)C(C)=C1O,1000000.0,inactive
CHEMBL199428,CC/C=C/CC1(C)SC(O)=C(C)C1=O,1000000.0,inactive
CHEMBL198344,CC1=C(O)C(C)(CC2CCCCC2)SC1=O,1000000.0,inactive
CHEMBL373005,CC1=C(O)C(C)(CC2CCC2)SC1=O,1000000.0,inactive
CHEMBL199976,CCCCCCCCCCC(C)C1(C)SC(O)=C(C)C1=O,1000000.0,inactive
CHEMBL199516,CCCCCCCCC(C)C1(C)SC(O)=C(C)C1=O,1000000.0,inactive
CHEMBL199463,CCCCCC(C)C1(C)SC(O)=C(C)C1=O,1000000.0,inactive
CHEMBL201227,CCCCC(CC)CC1(C)SC(O)=C(C)C1=O,1000000.0,inactive
CHEMBL202928,CC1=C(O)SC(C)(CCC(C)C)C1=O,1000000.0,inactive
CHEMBL372341,CCCCCCCCCCCC1(C)SC(O)=C(C)C1=O,1000000.0,inactive
CHEMBL200363,CCCCCCCCCC1(C)SC(O)=C(C)C1=O,1000000.0,inactive
CHEMBL251035,CC1=C(O)C(C)(Cc2ccc(-c3ccc(Cl)cc3)cc2)SC1=O,130000.0,inactive
CHEMBL399043,C=C/C(C)=C/[C@@]1(C)SC(=O)C(C)=C1O,75000.0,inactive
CHEMBL250630,CC1=C(O)C(C)(Cc2ccc(Oc3ccccc3)cc2)SC1=O,15000.0,inactive
CHEMBL400501,CC1=C(O)C(C)(Cc2ccc(C(=O)c3ccccc3)cc2)SC1=O,283000.0,intermediate
CHEMBL250431,COC(=O)c1ccc(-c2ccc(CC3(C)SC(=O)C(C)=C3O)cc2)cc1,3000.0,intermediate
CHEMBL399477,CC1=C(O)C(C)(Cc2ccc(-c3ccc(C(N)=O)cc3)cc2)SC1=O,4000.0,intermediate
CHEMBL250429,CC1=C(O)C(C)(Cc2ccc(-c3ccc(C(=O)O)cc3)cc2)SC1=O,7000.0,inactive
CHEMBL250824,CC1=C(O)C(C)(Cc2ccc(-c3ccc(C)s3)cc2)SC1=O,86000.0,inactive
CHEMBL250823,CC(=O)c1ccc(-c2ccc(CC3(C)SC(=O)C(C)=C3O)cc2)s1,200000.0,inactive
CHEMBL250819,CC1=C(O)C(C)(Cc2ccc(-c3ccc(-c4ccccc4)cc3)cc2)SC1=O,68000.0,inactive
CHEMBL250818,CC1=C(O)C(C)(Cc2ccc(-c3ccc(F)cc3)cc2)SC1=O,105000.0,inactive
CHEMBL401380,CC1=C(O)C(C)(Cc2ccc(-c3ccc(F)c(F)c3)cc2)SC1=O,207000.0,inactive
CHEMBL249417,CC1=C(O)C(C)(Cc2ccc(-c3cc(F)cc(F)c3)cc2)SC1=O,135000.0,inactive
CHEMBL249210,CC(=O)c1cccc(-c2ccc(CC3(C)SC(=O)C(C)=C3O)cc2)c1,150000.0,inactive
CHEMBL249805,CC(=O)c1ccc(-c2ccc(CC3(C)SC(=O)C(C)=C3O)cc2)cc1,54000.0,inactive
CHEMBL400279,CC1=C(O)C(C)(Cc2ccc(-c3cccc(Cl)c3)cc2)SC1=O,156000.0,active
CHEMBL509952,Cc1ccc(S(=O)(=O)c2cc(O)c3ccccc3c2O)cc1,0.61,active
CHEMBL491752,CS(=O)(=O)c1cc(O)c2ccccc2c1O,3.53,active
CHEMBL455414,O=C(O)CCS(=O)(=O)c1cc(O)c2ccccc2c1O,3.53,active
CHEMBL462205,O=S(=O)(c1ccccc1)c1cc(O)c2ccccc2c1O,2.84,active
CHEMBL512926,CC(=O)Nc1ccc(S(=O)(=O)c2cc(O)c3ccccc3c2O)cc1,3.76,active
CHEMBL460104,O=S(=O)(c1ccc(Cl)cc1)c1cc(O)c2ccccc2c1O,3.61,active
CHEMBL445555,CCCc1ccc(S(=O)(=O)c2cc(O)c3ccccc3c2O)cc1,3.09,active
CHEMBL462374,O=S(=O)(c1ccc2ccccc2c1)c1cc(O)c2ccccc2c1O,1.49,active
CHEMBL451059,Cc1ccc(S(=O)(=O)c2cc(O)c3cc4ccccc4cc3c2O)cc1,8.47,active
CHEMBL462375,Cc1ccc(S(=O)(=O)c2cc(O)ccc2O)cc1,34.4,active
CHEMBL462376,CC(=O)Nc1ccc(S(=O)(=O)c2cc(O)ccc2O)cc1,31.4,active
CHEMBL462553,Cc1ccc(S(=O)(=O)c2ccc3ccccc3c2)cc1,138.1,active
CHEMBL454282,Cc1ccc(S(=O)(=O)C2=CC(=O)c3ccccc3C2=O)cc1,1.99,active
